{
  "parent": "builtin/generated",
  "display": {
    "thirdperson_righthand": {
      "rotation": [
        0,
        -90,
        55
      ],
      "translation": [
        0,
        10,
        0
      ],
      "scale": [
        1.5,
        1.5,
        1.5
      ]
    },
    "thirdperson_lefthand": {
      "rotation": [
        0,
        90.0,
        -55.0
      ],
      "translation": [
        0,
        10,
        0
      ],
      "scale": [
        1.5,
        1.5,
        1.5
      ]
    },
    "firstperson_righthand": {
      "rotation": [
        0,
        -90.0,
        20.0
      ],
      "translation": [
        0,
        5,
        3
      ],
      "scale": [
        0.84,
        0.84,
        0.84
      ]
    },
    "firstperson_lefthand": {
      "rotation": [
        0,
        90.0,
        -20.0
      ],
      "translation": [
        0,
        5,
        3
      ],
      "scale": [
        0.84,
        0.84,
        0.84
      ]
    }
  }
}