{
  "parent": "builtin/generated",
  "display": {
    "thirdperson_righthand": {
      "rotation": [
        235,
        270,
        0
      ],
      "translation": [
        2,
        -2,
        1
      ],
      "scale": [
        0.55,
        0.55,
        0.55
      ]
    },
    "thirdperson_lefthand": {
      "rotation": [
        235,
        90,
        0
      ],
      "translation": [
        2,
        -2,
        1
      ],
      "scale": [
        0.55,
        0.55,
        0.55
      ]
    },
    "firstperson_righthand": {
      "rotation": [
        0,
        -90.0,
        120
      ],
      "translation": [
        0,
        4,
        2
      ],
      "scale": [
        0.68,
        0.68,
        0.68
      ]
    },
    "firstperson_lefthand": {
      "rotation": [
        0,
        90,
        -120
      ],
      "translation": [
        0,
        4,
        2
      ],
      "scale": [
        0.68,
        0.68,
        0.68
      ]
    }
  }
}