{
  "parent": "builtin/generated",
  "display": {
    "thirdperson_righthand": {
      "rotation": [
        180,
        -90,
        180
      ],
      "translation": [
        0,
        0.5,
        -2.5
      ],
      "scale": [
        0.75,
        0.75,
        0.75
      ]
    },
    "thirdperson_lefthand": {
      "rotation": [
        180,
        90,
        -180
      ],
      "translation": [
        0,
        0.5,
        -2.5
      ],
      "scale": [
        0.75,
        0.75,
        0.75
      ]
    },
    "firstperson_righthand": {
      "rotation": [
        0,
        -90.0,
        0.0
      ],
      "translation": [
        0,
        4,
        2
      ],
      "scale": [
        0.6,
        0.6,
        0.6
      ]
    },
    "firstperson_lefthand": {
      "rotation": [
        0,
        90.0,
        0.0
      ],
      "translation": [
        0,
        4,
        2
      ],
      "scale": [
        0.6,
        0.6,
        0.6
      ]
    }
  }
}