{
  "format_version": "1.21.6",
  "credit": "Made with Blockbench",
  "textures": {
    "0": "cittofirmgenerated:item/crown_of_avarice_model"
  },
  "elements": [
    {
      "from": [4, -4, 4],
      "to": [12, 4, 12],
      "faces": {
        "north": { "uv": [2, 2, 4, 4], "texture": "#0" },
        "east": { "uv": [0, 2, 2, 4], "texture": "#0" },
        "south": { "uv": [6, 2, 8, 4], "texture": "#0" },
        "west": { "uv": [4, 2, 6, 4], "texture": "#0" },
        "up": { "uv": [2, 0, 4, 2], "texture": "#0" },
        "down": { "uv": [4, 0, 6, 2], "texture": "#0" }
      }
    },
    {
      "from": [3.75, -4.25, 3.75],
      "to": [12.25, 4.25, 12.25],
      "faces": {
        "north": { "uv": [10, 2, 12, 4], "texture": "#0" },
        "east": { "uv": [8, 2, 10, 4], "texture": "#0" },
        "south": { "uv": [14, 2, 16, 4], "texture": "#0" },
        "west": { "uv": [12, 2, 14, 4], "texture": "#0" },
        "up": { "uv": [10, 0, 12, 2], "texture": "#0" },
        "down": { "uv": [12, 0, 14, 2], "texture": "#0" }
      }
    },
    {
      "from": [-7.125, -4, 9.575],
      "to": [3.875, 14, 9.58],
      "rotation": {
        "angle": 22.5,
        "axis": "y",
        "origin": [-0.125, -13, -2.025]
      },
      "faces": {
        "north": { "uv": [1.75, 10, 4.5, 14.5], "texture": "#0" },
        "south": { "uv": [4.5, 10, 7.25, 14.5], "texture": "#0" }
      }
    },
    {
      "from": [7.5883, -4, 9.27042],
      "to": [18.5883, 14, 9.27542],
      "rotation": {
        "angle": -22.5,
        "axis": "y",
        "origin": [13.0883, 5, 9.27292]
      },
      "faces": {
        "north": { "uv": [8.5, 6.5, 11.25, 11], "texture": "#0" },
        "south": { "uv": [11.25, 6.5, 14, 11], "texture": "#0" }
      }
    }
  ],
  "gui_light": "front",
  "display": {
    "thirdperson_righthand": {
      "translation": [0, 10, 0]
    },
    "thirdperson_lefthand": {
      "translation": [0, 10, 0]
    },
    "firstperson_righthand": {
      "translation": [0, 10, 0]
    },
    "firstperson_lefthand": {
      "translation": [0, 10, 0]
    },
    "ground": {
      "translation": [0, 10, 0]
    },
    "gui": {
      "rotation": [30, -135, 0],
      "translation": [0, 6, 0]
    },
    "head": {
      "translation": [0, 16, 0],
      "scale": [2, 2, 2]
    },
    "fixed": {
      "translation": [0, 6, 0]
    }
  }
}