{
	"textures": {
		"0": "cittofirmgenerated:item/divan_helmet_model"
	},
	"elements": [
		{
			"from": [0.4, 0.4, 0.4],
			"to": [15.6, 15.6, 15.6],
			"faces": {
				"north": {"uv": [4, 6.75, 6, 8.75], "texture": "#0"},
				"east": {"uv": [6, 6.75, 8, 8.75], "texture": "#0"},
				"south": {"uv": [8, 4, 10, 6], "texture": "#0"},
				"west": {"uv": [2, 7.5, 4, 9.5], "texture": "#0"},
				"up": {"uv": [2, 9.5, 0, 7.5], "texture": "#0"},
				"down": {"uv": [10, 6, 8, 8], "texture": "#0"}
			}
		},
		{
			"from": [0, 0, 0],
			"to": [16, 16, 16],
			"faces": {
				"north": {"uv": [4, 0, 6.25, 2.25], "texture": "#0"},
				"east": {"uv": [4, 4.5, 6, 6.75], "texture": "#0"},
				"south": {"uv": [4, 2.25, 6.25, 4.5], "texture": "#0"},
				"west": {"uv": [6, 4.5, 8, 6.75], "texture": "#0"},
				"up": {"uv": [8.5, 2, 6.25, 0], "texture": "#0"},
				"down": {"uv": [8.5, 2, 6.25, 4], "texture": "#0"}
			}
		},
		{
			"from": [12, 0.5, 6],
			"to": [25, 26.5, 6],
			"rotation": {"angle": -22.5, "axis": "y", "origin": [8, 0, 0]},
			"faces": {
				"north": {"uv": [0, 0, 2, 3.75], "texture": "#0"},
				"south": {"uv": [0, 3.75, 2, 7.5], "texture": "#0"}
			}
		},
		{
			"from": [-9, 0.5, 6],
			"to": [4, 26.5, 6],
			"rotation": {"angle": 22.5, "axis": "y", "origin": [8, 0, 0]},
			"faces": {
				"north": {"uv": [2, 0, 4, 3.75], "texture": "#0"},
				"south": {"uv": [2, 3.75, 4, 7.5], "texture": "#0"}
			}
		}
	],
	"display": {
		"head": {
			"translation": [0, 1.2, 0]
		}
	}
}