{
  "textures": {
    "0": "cittofirmgenerated:item/ender_helmet_model"
  },
  "elements": [
    {
      "from": [0.4, 0.4, 0.4],
      "to": [15.6, 15.6, 15.6],
      "faces": {
        "north": { "uv": [2, 2, 4, 4], "texture": "#0" },
        "east": { "uv": [0, 2, 2, 4], "texture": "#0" },
        "south": { "uv": [6, 2, 8, 4], "texture": "#0" },
        "west": { "uv": [4, 2, 6, 4], "texture": "#0" },
        "up": { "uv": [4, 2, 2, 0], "texture": "#0" },
        "down": { "uv": [4, 0, 6, 2], "texture": "#0" }
      }
    },
    {
      "from": [0, 0, 0],
      "to": [16, 16, 16],
      "faces": {
        "north": { "uv": [10, 2, 12, 4], "texture": "#0" },
        "east": { "uv": [8, 2, 10, 4], "texture": "#0" },
        "south": { "uv": [14, 2, 16, 4], "texture": "#0" },
        "west": { "uv": [12, 2, 14, 4], "texture": "#0" },
        "up": { "uv": [12, 2, 10, 0], "texture": "#0" },
        "down": { "uv": [12, 0, 14, 2], "texture": "#0" }
      }
    }
  ],
  "display": {
    "head": {
      "scale": [1, 1, 1],
      "translation": [0, 1.2, 0]
    }
  }
}