{
	"textures": {
		"0": "cittofirmgenerated:item/final_destination_helmet_model"
	},
	"elements": [
		{
			"from": [0.4, 0.4, 0.4],
			"to": [15.6, 15.6, 15.6],
			"faces": {
				"north": {"uv": [2, 2, 4, 4], "texture": "#0"},
				"east": {"uv": [0, 2, 2, 4], "texture": "#0"},
				"south": {"uv": [6, 2, 8, 4], "texture": "#0"},
				"west": {"uv": [4, 2, 6, 4], "texture": "#0"},
				"up": {"uv": [4, 2, 2, 0], "texture": "#0"},
				"down": {"uv": [4, 0, 6, 2], "texture": "#0"}
			}
		},
		{
			"from": [0, 0, 0],
			"to": [16, 16, 16],
			"faces": {
				"north": {"uv": [10, 2, 12, 4], "texture": "#0"},
				"east": {"uv": [8, 2, 10, 4], "texture": "#0"},
				"south": {"uv": [14, 2, 16, 4], "texture": "#0"},
				"west": {"uv": [12, 2, 14, 4], "texture": "#0"},
				"up": {"uv": [12, 2, 10, 0], "texture": "#0"},
				"down": {"uv": [12, 0, 14, 2], "texture": "#0"}
			}
		},
		{
			"from": [-2, 5, 15.6],
			"to": [18, 19, 15.6],
			"rotation": {"angle": -22.5, "axis": "x", "origin": [0, -27.5, 1]},
			"faces": {
				"north": {"uv": [4, 5.75, 6.5, 7.5], "texture": "#0"},
				"south": {"uv": [6.5, 5.75, 9, 7.5], "texture": "#0"}
			}
		},
		{
			"from": [12.5, 5.5, 10],
			"to": [12.5, 17.5, 20],
			"rotation": {"angle": 22.5, "axis": "y", "origin": [8, 0, 0]},
			"faces": {
				"east": {"uv": [10.25, 5.25, 11.5, 6.75], "texture": "#0"},
				"west": {"uv": [11.5, 5.25, 12.75, 6.75], "texture": "#0"}
			}
		},
		{
			"from": [3.5, 5.5, 10],
			"to": [3.5, 17.5, 20],
			"rotation": {"angle": -22.5, "axis": "y", "origin": [8, 0, 0]},
			"faces": {
				"east": {"uv": [10.25, 5.25, 11.5, 6.75], "texture": "#0"},
				"west": {"uv": [11.5, 5.25, 12.75, 6.75], "texture": "#0"}
			}
		}
	],
	"display": {
		"head": {
			"translation": [0, 1.2, 0]
		}
	}
}