{
	"textures": {
		"0": "cittofirmgenerated:item/goldor_helmet_dungeon_model"
	},
	"elements": [
		{
			"from": [0.4, 0.4, 0.4],
			"to": [15.6, 15.6, 15.6],
			"faces": {
				"north": {"uv": [2, 2, 4, 4], "texture": "#0"},
				"east": {"uv": [6, 2, 4, 4], "texture": "#0"},
				"south": {"uv": [6, 2, 8, 4], "texture": "#0"},
				"west": {"uv": [2, 2, 0, 4], "texture": "#0"},
				"up": {"uv": [2, 2, 4, 0], "texture": "#0"},
				"down": {"uv": [0, 0, 2, 2], "texture": "#0"}
			}
		},
		{
			"from": [12.5, 11, 6],
			"to": [21.5, 18.5, 6],
			"faces": {
				"north": {"uv": [0.25, 4.75, 1.75, 6], "texture": "#0"},
				"south": {"uv": [1.75, 4.75, 0.25, 6], "texture": "#0"}
			}
		},
		{
			"from": [-5.5, 11, 6],
			"to": [3.5, 18.5, 6],
			"faces": {
				"north": {"uv": [2.25, 4.75, 3.75, 6], "texture": "#0"},
				"south": {"uv": [3.75, 4.75, 2.25, 6], "texture": "#0"}
			}
		}
	],
	"display": {
		"head": {
			"translation": [0, 1.2, 0]
		}
	}
}