{
  "textures": {
    "0": "cittofirmgenerated:item/magma_lord_helmet_model"
  },
  "elements": [
    {
      "from": [0.4, 0.4, 0.4],
      "to": [15.6, 15.6, 15.6],
      "faces": {
        "north": {"uv": [2, 2, 4, 4], "texture": "#0"},
        "east": {"uv": [0, 2, 2, 4], "texture": "#0"},
        "south": {"uv": [6, 2, 8, 4], "texture": "#0"},
        "west": {"uv": [4, 2, 6, 4], "texture": "#0"},
        "up": {"uv": [4, 2, 2, 0], "texture": "#0"},
        "down": {"uv": [4, 0, 6, 2], "texture": "#0"}
      }
    },
    {
      "from": [0, 0, 0],
      "to": [16, 16, 16],
      "faces": {
        "north": {"uv": [10, 2, 12, 4], "texture": "#0"},
        "east": {"uv": [8, 2, 10, 4], "texture": "#0"},
        "south": {"uv": [14, 2, 16, 4], "texture": "#0"},
        "west": {"uv": [12, 2, 14, 4], "texture": "#0"},
        "up": {"uv": [12, 2, 10, 0], "texture": "#0"},
        "down": {"uv": [12, 0, 14, 2], "texture": "#0"}
      }
    },
    {
      "from": [4.2, 15.6, 0.4],
      "to": [11.8, 21.3, 0.4],
      "rotation": {"angle": 0, "axis": "y", "origin": [-2, 12, -3]},
      "faces": {
        "north": {"uv": [14.5, 1, 15.5, 1.75], "texture": "#0"},
        "east": {"uv": [0, 0, 0, 3], "texture": "#0"},
        "south": {"uv": [15.5, 1, 14.5, 1.75], "texture": "#0"},
        "west": {"uv": [0, 0, 0, 3], "texture": "#0"},
        "up": {"uv": [0, 0, 4, 0], "texture": "#0"},
        "down": {"uv": [0, 0, 4, 0], "texture": "#0"}
      }
    },
    {
      "from": [8, 15.6, 0.4],
      "to": [8, 23.2, 17.5],
      "rotation": {"angle": 0, "axis": "y", "origin": [0, 0, -3]},
      "faces": {
        "north": {"uv": [0, 0, 0, 4], "texture": "#0"},
        "east": {"uv": [10, 0.75, 7.75, 1.75], "texture": "#0"},
        "south": {"uv": [0, 0, 0, 4], "texture": "#0"},
        "west": {"uv": [7.75, 0.75, 10, 1.75], "texture": "#0"},
        "up": {"uv": [0, 0, 0, 8], "texture": "#0"},
        "down": {"uv": [0, 0, 0, 8], "texture": "#0"}
      }
    }
  ],
  "display": {
    "head": {
      "translation": [0, 1.2, 0]
    }
  }
}