{
	"textures": {
		"0": "cittofirmgenerated:item/maxor_helmet_dungeon_model"
	},
	"elements": [
		{
			"from": [0.4, 0.4, 0.4],
			"to": [15.6, 15.6, 15.6],
			"faces": {
				"north": {"uv": [2, 2, 4, 4], "texture": "#0"},
				"east": {"uv": [6, 2, 4, 4], "texture": "#0"},
				"south": {"uv": [6, 2, 8, 4], "texture": "#0"},
				"west": {"uv": [2, 2, 0, 4], "texture": "#0"},
				"up": {"uv": [2, 2, 4, 0], "texture": "#0"},
				"down": {"uv": [0, 0, 2, 2], "texture": "#0"}
			}
		},
		{
			"from": [15.5, 8, 6],
			"to": [20, 17, 6],
			"faces": {
				"north": {"uv": [0.25, 5.25, 1, 6.75], "texture": "#0"},
				"south": {"uv": [1, 5.25, 0.25, 6.75], "texture": "#0"}
			}
		},
		{
			"from": [-4, 8, 6],
			"to": [0.5, 17, 6],
			"faces": {
				"north": {"uv": [3, 5.25, 3.75, 6.75], "texture": "#0"},
				"south": {"uv": [3.75, 5.25, 3, 6.75], "texture": "#0"}
			}
		}
	],
	"display": {
		"head": {
			"translation": [0, 1.2, 0]
		}
	}
}