{
  "textures": {
    "0": "cittofirmgenerated:item/necron_helmet_model"
  },
  "elements": [
    {
      "from": [0.4, 0.4, 0.4],
      "to": [15.6, 15.6, 15.6],
      "faces": {
        "north": {"uv": [2, 2, 4, 4], "texture": "#0"},
        "east": {"uv": [6, 2, 4, 4], "texture": "#0"},
        "south": {"uv": [6, 2, 8, 4], "texture": "#0"},
        "west": {"uv": [2, 2, 0, 4], "texture": "#0"},
        "up": {"uv": [2, 2, 4, 0], "texture": "#0"},
        "down": {"uv": [0, 0, 2, 2], "texture": "#0"}
      }
    },
    {
      "from": [15.5, 10, 6],
      "to": [20, 19, 6],
      "faces": {
        "north": {"uv": [0.25, 5, 1, 6.5], "texture": "#0"},
        "south": {"uv": [1, 5, 0.25, 6.5], "texture": "#0"}
      }
    },
    {
      "from": [-4, 10, 6],
      "to": [0.5, 19, 6],
      "faces": {
        "north": {"uv": [3, 5, 3.75, 6.5], "texture": "#0"},
        "south": {"uv": [3.75, 5, 3, 6.5], "texture": "#0"}
      }
    }
  ],
  "display": {
    "head": {
      "translation": [0, 1.2, 0]
    }
  }
}