{
  "textures": {
    "0": "cittofirmgenerated:item/nutcracker_helmet_model"
  },
  "elements": [
    {
      "from": [4, -4, 4],
      "to": [12, 4, 12],
      "faces": {
        "north": { "uv": [2, 2, 4, 4], "texture": "#0" },
        "east": { "uv": [0, 2, 2, 4], "texture": "#0" },
        "south": { "uv": [6, 2, 8, 4], "texture": "#0" },
        "west": { "uv": [4, 2, 6, 4], "texture": "#0" },
        "up": { "uv": [2, 0, 4, 2], "texture": "#0" },
        "down": { "uv": [4, 0, 6, 2], "texture": "#0" }
      }
    },
    {
      "from": [3.75, -4.25, 3.75],
      "to": [12.25, 4.25, 12.25],
      "faces": {
        "north": { "uv": [10, 2, 12, 4], "texture": "#0" },
        "east": { "uv": [8, 2, 10, 4], "texture": "#0" },
        "south": { "uv": [14, 2, 16, 4], "texture": "#0" },
        "west": { "uv": [12, 2, 14, 4], "texture": "#0" },
        "up": { "uv": [10, 0, 12, 2], "texture": "#0" },
        "down": { "uv": [12, 0, 14, 2], "texture": "#0" }
      }
    },
    {
      "from": [3.5, 1, -0.5],
      "to": [12.5, 3, 3.5],
      "faces": {
        "north": { "uv": [4.75, 7, 6.75, 7.5], "texture": "#0" },
        "east": { "uv": [3.75, 7, 4.75, 7.5], "texture": "#0" },
        "south": { "uv": [0, 0, 9, 2], "texture": "#missing" },
        "west": { "uv": [6.75, 7, 7.75, 7.5], "texture": "#0" },
        "up": { "uv": [4.75, 8.5, 6.75, 7.5], "texture": "#0" },
        "down": { "uv": [4.75, 7.5, 6.75, 8.5], "texture": "#0" }
      }
    },
    {
      "from": [3.5, 1, 3.5],
      "to": [12.5, 10, 12.5],
      "faces": {
        "north": { "uv": [10, 6.25, 12, 8.25], "texture": "#0" },
        "east": { "uv": [8, 6.25, 10, 8.25], "texture": "#0" },
        "south": { "uv": [14, 6.25, 16, 8.25], "texture": "#0" },
        "west": { "uv": [12, 6.25, 14, 8.25], "texture": "#0" },
        "up": { "uv": [10, 6.25, 12, 4.25], "texture": "#0" },
        "down": { "uv": [12, 4.25, 14, 6.25], "texture": "#0" }
      }
    }
  ],
  "display": {
    "head": {
      "scale": [2, 2, 2],
      "translation": [0, 16, 0]
    },
    "gui": {
      "scale": [1, 1, 1],
      "translation": [0, 6, 0],
      "rotation": [30, -135, 0]
    },
    "fixed": {
      "scale": [1, 1, 1],
      "translation": [0, 6, 0],
      "rotation": [0, -0, 0]
    },
    "ground": {
      "scale": [1, 1, 1],
      "translation": [0, 10, 0],
      "rotation": [0, 0, 0]
    },
    "firstperson_righthand": {
      "scale": [1, 1, 1],
      "translation": [0, 10, 0],
      "rotation": [0, 0, 0]
    },
    "firstperson_lefthand": {
      "scale": [1, 1, 1],
      "translation": [0, 10, 0],
      "rotation": [0, 0, 0]
    },
    "thirdperson_righthand": {
      "scale": [1, 1, 1],
      "translation": [0, 10, 0],
      "rotation": [0, 0, 0]
    },
    "thirdperson_lefthand": {
      "scale": [1, 1, 1],
      "translation": [0, 10, 0],
      "rotation": [0, 0, 0]
    }
  },
  "gui_light": "front"
}
