{
  "format_version": "1.21.6",
  "credit": "Made with Blockbench",
  "texture_size": [64, 64],
  "textures": {
    "0": "cittofirmgenerated:item/primordial_helmet_model",
    "particle": "cittofirmgenerated:item/primordial_helmet_model"
  },
  "elements": [
    {
      "from": [4, -4, 4],
      "to": [12, 4, 12],
      "rotation": { "angle": 0, "axis": "y", "origin": [8, 0, 8] },
      "faces": {
        "north": { "uv": [2, 2, 4, 4], "texture": "#0" },
        "east": { "uv": [0, 2, 2, 4], "texture": "#0" },
        "south": { "uv": [6, 2, 8, 4], "texture": "#0" },
        "west": { "uv": [4, 2, 6, 4], "texture": "#0" },
        "up": { "uv": [4, 2, 2, 0], "texture": "#0" },
        "down": { "uv": [6, 0, 4, 2], "texture": "#0" }
      }
    },
    {
      "from": [3.75, -4.25, 3.75],
      "to": [12.25, 4.25, 12.25],
      "rotation": { "angle": 0, "axis": "y", "origin": [8, 0, 8] },
      "faces": {
        "north": { "uv": [10, 2, 12, 4], "texture": "#0" },
        "east": { "uv": [8, 2, 10, 4], "texture": "#0" },
        "south": { "uv": [14, 2, 16, 4], "texture": "#0" },
        "west": { "uv": [12, 2, 14, 4], "texture": "#0" },
        "up": { "uv": [12, 2, 10, 0], "texture": "#0" },
        "down": { "uv": [14, 0, 12, 2], "texture": "#0" }
      }
    },
    {
      "from": [9, 0, 10],
      "to": [16, 14, 10],
      "rotation": { "angle": -45, "axis": "y", "origin": [9, 0, 10] },
      "faces": {
        "north": { "uv": [0, 4.5, 1.75, 8], "texture": "#0" },
        "south": { "uv": [1.75, 4.5, 3.5, 8], "texture": "#0" }
      }
    },
    {
      "from": [2, 0, 15],
      "to": [9, 14, 15],
      "rotation": { "angle": 45, "axis": "y", "origin": [2, 0, 15] },
      "faces": {
        "north": { "uv": [4.25, 4.5, 6, 8], "texture": "#0" },
        "south": { "uv": [6, 4.5, 7.75, 8], "texture": "#0" }
      }
    },
    {
      "from": [8, 0, 10],
      "to": [15, 12, 10],
      "rotation": { "angle": -45, "axis": "z", "origin": [8, 0, 10] },
      "faces": {
        "north": { "uv": [0, 8, 1.75, 11], "texture": "#0" },
        "south": { "uv": [1.75, 8, 3.5, 11], "texture": "#0" }
      }
    },
    {
      "from": [3, -5, 10],
      "to": [10, 7, 10],
      "rotation": { "angle": 45, "axis": "z", "origin": [3, -5, 10] },
      "faces": {
        "north": { "uv": [4.25, 8, 6, 11], "texture": "#0" },
        "south": { "uv": [6, 8, 7.75, 11], "texture": "#0" }
      }
    },
    {
      "from": [10, -2, 6],
      "to": [15, 8, 6],
      "rotation": { "angle": -22.5, "axis": "z", "origin": [10, -2, 6] },
      "faces": {
        "north": { "uv": [0, 11, 1.25, 13.5], "texture": "#0" },
        "south": { "uv": [1.25, 11, 2.5, 13.5], "texture": "#0" }
      }
    },
    {
      "from": [1, -4, 6],
      "to": [6, 6, 6],
      "rotation": { "angle": 22.5, "axis": "z", "origin": [1, -4, 6] },
      "faces": {
        "north": { "uv": [4.25, 11, 5.5, 13.5], "texture": "#0" },
        "south": { "uv": [5.5, 11, 6.75, 13.5], "texture": "#0" }
      }
    },
    {
      "from": [2.25, -11, 2],
      "to": [2.25, -1, 8],
      "rotation": { "angle": -22.5, "axis": "y", "origin": [3, -11, 8] },
      "faces": {
        "east": { "uv": [4.25, 13.5, 5.75, 16], "texture": "#0" },
        "west": { "uv": [5.75, 13.5, 7.25, 16], "texture": "#0" }
      }
    },
    {
      "from": [13.75, -11, 2],
      "to": [13.75, -1, 8],
      "rotation": { "angle": 22.5, "axis": "y", "origin": [14, -11, 8] },
      "faces": {
        "east": { "uv": [4.25, 13.5, 5.75, 16], "texture": "#0" },
        "west": { "uv": [5.75, 13.5, 7.25, 16], "texture": "#0" }
      }
    },
    {
      "from": [4, 5, 13],
      "to": [12, 13, 13],
      "rotation": { "angle": 0, "axis": "y", "origin": [4, 5, 13] },
      "faces": {
        "north": { "uv": [8, 5.25, 10, 7.25], "texture": "#0" },
        "south": { "uv": [10, 5.25, 12, 7.25], "texture": "#0" }
      }
    },
    {
      "from": [-2, 3, 10],
      "to": [5, 12, 10],
      "rotation": { "angle": -22.5, "axis": "y", "origin": [-2, 3, 10] },
      "faces": {
        "north": { "uv": [12, 5.25, 13.75, 7.5], "texture": "#0" },
        "south": { "uv": [13.75, 5.25, 15.5, 7.5], "texture": "#0" }
      }
    },
    {
      "from": [12, 4, 13],
      "to": [19, 13, 13],
      "rotation": { "angle": 22.5, "axis": "y", "origin": [12, 4, 13] },
      "faces": {
        "north": { "uv": [9.5, 7.5, 11.25, 9.75], "texture": "#0" },
        "south": { "uv": [11.25, 7.5, 13, 9.75], "texture": "#0" }
      }
    }
  ],
  "display": {
    "head": {
      "translation": [0, 16, 0],
      "scale": [1.9, 1.9, 1.9]
    }
  },
  "groups": [
    {
      "name": "helmet",
      "origin": [0, 0, 0],
      "color": 0,
      "children": [0, 1, 2, 3, 4, 5, 6, 7, 8, 9, 10, 11, 12]
    }
  ]
}
