{
  "textures": {
    "0": "cittofirmgenerated:item/terror_helmet_model"
  },
  "elements": [
    {
      "from": [4, -4, 4],
      "to": [12, 4, 12],
      "faces": {
        "north": { "uv": [2, 2, 4, 4], "texture": "#0" },
        "east": { "uv": [0, 2, 2, 4], "texture": "#0" },
        "south": { "uv": [6, 2, 8, 4], "texture": "#0" },
        "west": { "uv": [4, 2, 6, 4], "texture": "#0" },
        "up": { "uv": [4, 2, 2, 0], "texture": "#0" },
        "down": { "uv": [4, 0, 6, 2], "texture": "#0" }
      }
    },
    {
      "from": [3.75, -4.25, 3.75],
      "to": [12.25, 4.25, 12.25],
      "faces": {
        "north": { "uv": [10, 2, 12, 4], "texture": "#0" },
        "east": { "uv": [8, 2, 10, 4], "texture": "#0" },
        "south": { "uv": [14, 2, 16, 4], "texture": "#0" },
        "west": { "uv": [12, 2, 14, 4], "texture": "#0" },
        "up": { "uv": [10, 0, 12, 2], "texture": "#0" },
        "down": { "uv": [12, 0, 14, 2], "texture": "#0" }
      }
    }
  ],
  "display": {
    "head": {
      "scale": [2, 2, 2],
      "translation": [0, 16, 0]
    }
  }
}
