{
  "parent": "cittofirmgenerated:item/helmet_icon/crown_of_avarice",
  "format_version": "1.21.6",
  "credit": "Made with Blockbench",
  "textures": {
    "0": "cittofirmgenerated:item/treacherous_crown_model",
    "particle": "cittofirmgenerated:item/treacherous_crown_model"
	},
	"elements": [
		{
			"name": "mask0_L",
			"from": [-8.043, -5.5, 3.3],
			"to": [7.957, 25.5, 3.3],
			"rotation": {"angle": 5, "axis": "y", "origin": [7.95, 5.5, 2.8]},
			"faces": {
				"north": {"uv": [12, 4, 16, 11.75], "texture": "#0"},
				"south": {"uv": [16, 4, 12, 11.75], "texture": "#0"}
			}
		},
		{
			"name": "mask1_L",
			"from": [-0.5, -6, 2.8],
			"to": [8, 7, 2.8],
			"rotation": {"angle": 5, "axis": "y", "origin": [8, 0, 2.8]},
			"faces": {
				"north": {"uv": [2, 4.5, 4, 7.5], "texture": "#0"},
				"south": {"uv": [4, 4.5, 2, 7.5], "texture": "#0"}
			}
		},
		{
			"name": "mask0_R",
			"from": [8.043, -5.5, 3.3],
			"to": [24.043, 25.5, 3.3],
			"rotation": {"angle": -5, "axis": "y", "origin": [8.05, 5.5, 2.8]},
			"faces": {
				"north": {"uv": [8, 4, 12, 11.75], "texture": "#0"},
				"south": {"uv": [12, 4, 8, 11.75], "texture": "#0"}
			}
		},
		{
			"name": "mask1_R",
			"from": [8, -6, 2.8],
			"to": [16.5, 7, 2.8],
			"rotation": {"angle": -5, "axis": "y", "origin": [8, 0, 2.8]},
			"faces": {
				"north": {"uv": [0, 4.5, 2, 7.5], "texture": "#0"},
				"south": {"uv": [2, 4.5, 0, 7.5], "texture": "#0"}
			}
		},
		{
			"name": "horn0_L",
			"from": [4.01768, 0.5, 3.66768],
			"to": [4.01768, 6.5, 11.66768],
			"rotation": {"angle": -45, "axis": "y", "origin": [4.01768, 3.5, 3.66768]},
			"faces": {
				"east": {"uv": [5.5, 8, 7, 6], "rotation": 90, "texture": "#0"},
				"west": {"uv": [7, 8, 5.5, 6], "rotation": 270, "texture": "#0"}
			}
		},
		{
			"name": "horn1_L",
			"from": [4.01768, 6.5, 3.66768],
			"to": [4.01768, 12.5, 19.66768],
			"rotation": {"angle": -45, "axis": "y", "origin": [4.01768, 3.5, 3.66768]},
			"faces": {
				"east": {"uv": [4, 8, 5.5, 4], "rotation": 90, "texture": "#0"},
				"west": {"uv": [5.5, 8, 4, 4], "rotation": 270, "texture": "#0"}
			}
		},
		{
			"name": "horn2_L",
			"from": [-1.64, 0.5, 9.325],
			"to": [-1.64, 6.5, 17.325],
			"rotation": {"angle": -17.5, "axis": "y", "origin": [-1.64, 3.5, 9.325]},
			"faces": {
				"east": {"uv": [7, 4, 5.5, 6], "rotation": 270, "texture": "#0"},
				"west": {"uv": [5.5, 4, 7, 6], "rotation": 90, "texture": "#0"}
			}
		},
		{
			"name": "horn2_R",
			"from": [17.64, 0.5, 9.325],
			"to": [17.64, 6.5, 17.325],
			"rotation": {"angle": 17.5, "axis": "y", "origin": [17.64, 3.5, 9.325]},
			"faces": {
				"east": {"uv": [5.5, 6, 7, 4], "rotation": 90, "texture": "#0"},
				"west": {"uv": [7, 6, 5.5, 4], "rotation": 270, "texture": "#0"}
			}
		},
		{
			"name": "horn1_R",
			"from": [11.98232, 6.5, 3.66768],
			"to": [11.98232, 12.5, 19.66768],
			"rotation": {"angle": 45, "axis": "y", "origin": [11.98232, 3.5, 3.66768]},
			"faces": {
				"east": {"uv": [5.5, 4, 4, 8], "rotation": 270, "texture": "#0"},
				"west": {"uv": [4, 4, 5.5, 8], "rotation": 90, "texture": "#0"}
			}
		},
		{
			"name": "horn0_R",
			"from": [11.98232, 0.5, 3.66768],
			"to": [11.98232, 6.5, 11.66768],
			"rotation": {"angle": 45, "axis": "y", "origin": [11.98232, 3.5, 3.66768]},
			"faces": {
				"east": {"uv": [7, 6, 5.5, 8], "rotation": 270, "texture": "#0"},
				"west": {"uv": [5.5, 6, 7, 8], "rotation": 90, "texture": "#0"}
			}
		}
	],
  "groups": [
    {
      "origin": [8, 1, 8],
      "color": 0,
      "children": [
        {
          "origin": [1, -7, 4],
          "color": 0,
          "children": [
            0,
            1,
            2,
            3,
            4,
            5,
            {
              "origin": [1, -7, 4],
              "color": 0,
              "children": [6, 7, 8]
            },
            {
              "origin": [15, -7, 4],
              "color": 0,
              "children": [9, 10, 11]
            }
          ]
        }
      ]
    }
  ],
  "display": {
    "head": {
      "translation": [0, 16, 0],
      "scale": [1.9, 1.9, 1.9]
    }
  }
}
